99999999,ajgoemsn
99999998,paletes
99999997,agrwg
99999996,herha
99999995,rhea
99999994,awtre
99999993,awerge
99999992,astery
99999991,yhaeh
99999990,aeryea
99999989,awrtrt
99999988,wqyr
99999987,qwwe
99999986,reyrewq
99999985,qeruy
99999984,pija
99999983,kajg
99999982,erye
99999981,iyt
99999980,peo
99999979,arisu
99999978,mayu
99999977,ahlo
99999976,aekhgj
99999975,oakery
99999974,pqpq
99999973,qpqp
99999972,orkqk
99999971,mqiri
99999970,qijuhr
99999969,qhjrp
99999968,worpjn
99999967,qwert
99999966,qfdgw
99999965,qreyj
99999964,sfhr
99999963,ow
99999962,ijwjwr
99999961,wwwww
99999960,kusa
99999959,warau
99999958,sakujo
99999957,kajgjgjgj
99999956,jjjjjj
99999955,jajaoeo
99999954,oeoeoe
99999953,jojo
99999952,oisie
99999951,ppproro
99999950,pqpqpqoi
